{"cameraMode":{"drawMode":0,"name":"Shaded","section":"Shading Mode"},"sceneLighting":true,"audioPlay":false,"sceneViewState":{"showFog":false,"showMaterialUpdate":false,"showSkybox":false,"showFlares":false,"showImageEffects":false,"showParticleSystems":false},"in2DMode":false,"pivot":{"x":25.746675491333009,"y":0.4080221354961395,"z":23.358810424804689},"rotation":{"x":0.25294509530067446,"y":0.4836191236972809,"z":-0.14832596480846406,"w":0.824705958366394},"size":35.56580352783203,"orthographic":true}